{"cameraMode":{"drawMode":0,"name":"Shaded","section":"Shading Mode"},"sceneLighting":false,"audioPlay":false,"sceneViewState":{"m_AlwaysRefresh":false,"showFog":true,"showSkybox":false,"showFlares":true,"showImageEffects":true,"showParticleSystems":true,"showVisualEffectGraphs":true,"m_FxEnabled":true},"in2DMode":false,"pivot":{"x":-9.541707992553711,"y":10.15519905090332,"z":7.007611274719238},"rotation":{"x":0.09313908219337464,"y":0.012878871522843838,"z":-0.0012025880860164762,"w":0.9955706000328064},"size":4.800520420074463,"orthographic":false}